Datetime,timestamp,action,price,state,prev_state,price_change,price_change_pct,cumulative_return
2024-11-20 01:28:00+00:00,2024-11-20 01:28:00+00:00,Sell,91974.9453125,slight_down,moderate_up,,-0.0007604132220743187,1.0007604132220744
2024-11-20 01:47:00+00:00,2024-11-20 01:47:00+00:00,Buy,92003.875,slight_up,moderate_down,28.9296875,0.0005940777113462303,1.0013549426779673
2024-11-20 02:19:00+00:00,2024-11-20 02:19:00+00:00,Sell,91900.1796875,slight_down,moderate_up,-103.6953125,-0.00026244419342646985,1.001617742468232
2024-11-20 02:39:00+00:00,2024-11-20 02:39:00+00:00,Buy,91901.3984375,slight_up,moderate_down,1.21875,0.0007731644554316297,1.0023921577046382
2024-11-20 02:44:00+00:00,2024-11-20 02:44:00+00:00,Sell,91961.609375,slight_down,moderate_up,60.2109375,-0.0008235442315064345,1.0032176719838233
2024-11-20 09:05:00+00:00,2024-11-20 09:05:00+00:00,Sell,93264.2578125,moderate_down,moderate_up,1302.6484375,-0.0011691127979237548,1.004390546603243
2024-11-20 09:23:00+00:00,2024-11-20 09:23:00+00:00,Sell,93643.5546875,slight_down,moderate_up,379.296875,-0.0002887445425655555,1.0046805588921792
2024-11-20 09:27:00+00:00,2024-11-20 09:27:00+00:00,Buy,93453.6796875,slight_up,moderate_down,-189.875,1.287419065021389e-05,1.004693493341237
2024-11-20 09:38:00+00:00,2024-11-20 09:38:00+00:00,Sell,93271.6015625,slight_down,moderate_up,-182.078125,-0.0003140042110058028,1.005008971328916
2024-11-20 10:32:00+00:00,2024-11-20 10:32:00+00:00,Buy,93414.7578125,slight_up,moderate_down,143.15625,0.0008082070851538337,1.0058212267001874
2024-11-20 11:24:00+00:00,2024-11-20 11:24:00+00:00,Sell,93309.4140625,slight_down,moderate_up,-105.34375,-0.0002793183393708931,1.0061021710149332
2024-11-20 12:35:00+00:00,2024-11-20 12:35:00+00:00,Buy,93630.84375,slight_up,moderate_down,321.4296875,0.00038630664801364567,1.0064908349721773
2024-11-20 13:03:00+00:00,2024-11-20 13:03:00+00:00,Sell,93771.6875,slight_down,moderate_up,140.84375,-4.757006524924723e-05,1.0065387138068695
2024-11-20 13:39:00+00:00,2024-11-20 13:39:00+00:00,Buy,94377.5703125,slight_up,moderate_down,605.8828125,0.0002866637514513659,1.0068272519705506
2024-11-20 13:42:00+00:00,2024-11-20 13:42:00+00:00,Buy,94307.4609375,slight_up,moderate_down,-70.109375,0.0006226871486971763,1.0074541903613108
2024-11-20 14:06:00+00:00,2024-11-20 14:06:00+00:00,Sell,94365.671875,slight_down,moderate_up,58.2109375,-0.0005724935823047117,1.0080309514197587
2024-11-20 14:15:00+00:00,2024-11-20 14:15:00+00:00,Buy,94435.3984375,slight_up,moderate_down,69.7265625,0.0006056083338197293,1.0086414233646868
2024-11-20 14:33:00+00:00,2024-11-20 14:33:00+00:00,Sell,94678.6484375,slight_down,moderate_up,243.25,-0.0007219057454131983,1.0093695674032757
2024-11-20 14:42:00+00:00,2024-11-20 14:42:00+00:00,Buy,94053.53125,slight_up,moderate_down,-625.1171875,0.0005780468366709535,1.009953030288745
2024-11-20 14:45:00+00:00,2024-11-20 14:45:00+00:00,Sell,94265.6171875,slight_down,moderate_up,212.0859375,-0.0002651377278640732,1.010220806940445
2024-11-20 14:56:00+00:00,2024-11-20 14:56:00+00:00,Buy,94496.6953125,moderate_up,moderate_down,231.078125,0.0014783416939054828,1.011714258479396
2024-11-20 15:05:00+00:00,2024-11-20 15:05:00+00:00,Buy,94697.6171875,slight_up,moderate_down,200.921875,0.0009594806665347289,1.0126849787504644
2024-11-20 15:15:00+00:00,2024-11-20 15:15:00+00:00,Sell,94438.96875,moderate_down,moderate_up,-258.6484375,-0.0011144738228385798,1.0138135896500635
2024-11-20 15:16:00+00:00,2024-11-20 15:16:00+00:00,Buy,94459.7734375,slight_up,moderate_down,20.8046875,0.00022029769887765838,1.0140369304509542
2024-11-20 15:20:00+00:00,2024-11-20 15:20:00+00:00,Sell,94484.4921875,slight_down,moderate_up,24.71875,-0.0006925900712065891,1.0147392423608212
2024-11-20 16:09:00+00:00,2024-11-20 16:09:00+00:00,Buy,94635.7421875,slight_up,moderate_down,151.25,0.000691449528521515,1.0154408833315238
2024-11-20 16:19:00+00:00,2024-11-20 16:19:00+00:00,Buy,94220.1796875,moderate_up,moderate_down,-415.5625,0.0014065978740112062,1.016869200319202
2024-11-20 16:21:00+00:00,2024-11-20 16:21:00+00:00,Sell,94217.5625,moderate_down,moderate_up,-2.6171875,-0.0013801166975737633,1.0182725984818108
2024-11-20 16:32:00+00:00,2024-11-20 16:32:00+00:00,Buy,93576.84375,slight_up,moderate_down,-640.71875,0.0009652117624465717,1.0192554471712425
2024-11-20 16:34:00+00:00,2024-11-20 16:34:00+00:00,Sell,93726.6484375,slight_down,moderate_up,149.8046875,-0.0008578107121569589,1.0201297754122503
2024-11-20 16:39:00+00:00,2024-11-20 16:39:00+00:00,Buy,93644.5625,slight_up,moderate_down,-82.0859375,0.00023164744727188769,1.0203660858706105
2024-11-20 16:44:00+00:00,2024-11-20 16:44:00+00:00,Buy,93620.40625,slight_up,moderate_down,-24.15625,0.0006238340686548494,1.0210026249974766
2024-11-20 16:50:00+00:00,2024-11-20 16:50:00+00:00,Sell,93697.890625,moderate_down,moderate_up,77.484375,-0.0012304189545311317,1.0222588859798996
2024-11-20 16:51:00+00:00,2024-11-20 16:51:00+00:00,Buy,93774.3828125,slight_up,moderate_down,76.4921875,0.0008163704325654386,1.0230934279088408
2024-11-20 17:03:00+00:00,2024-11-20 17:03:00+00:00,Sell,94279.1484375,slight_down,moderate_up,504.765625,-0.0003921320128076333,1.0234946155940168
2024-11-20 18:06:00+00:00,2024-11-20 18:06:00+00:00,Sell,94170.4453125,slight_down,moderate_up,-108.703125,-0.0002334814565129184,1.0237335826075988
2024-11-20 18:18:00+00:00,2024-11-20 18:18:00+00:00,Buy,94253.0546875,slight_up,moderate_down,82.609375,0.0003648427266653709,1.0241070843592563
2024-11-20 18:42:00+00:00,2024-11-20 18:42:00+00:00,Buy,93540.6875,slight_up,moderate_down,-712.3671875,0.00021452487085071859,1.0243267807992658
2024-11-20 18:48:00+00:00,2024-11-20 18:48:00+00:00,Buy,93356.8359375,slight_up,moderate_down,-183.8515625,0.0006002927693735671,1.0249416767592552
2024-11-20 18:51:00+00:00,2024-11-20 18:51:00+00:00,Sell,93517.7734375,slight_down,moderate_up,160.9375,-0.0001678877507510501,1.0251137519120173
2024-11-20 19:03:00+00:00,2024-11-20 19:03:00+00:00,Buy,93754.2890625,slight_up,moderate_down,236.515625,0.0007169809149487616,1.0258487389077897
2024-11-20 19:06:00+00:00,2024-11-20 19:06:00+00:00,Sell,93837.09375,slight_down,moderate_up,82.8046875,-0.000313942997539729,1.0261707969359048
2024-11-20 19:15:00+00:00,2024-11-20 19:15:00+00:00,Sell,93671.1015625,slight_down,moderate_up,-165.9921875,-0.0005974792676444185,1.026783912712136
2024-11-20 19:21:00+00:00,2024-11-20 19:21:00+00:00,Buy,93475.265625,slight_up,moderate_down,-195.8359375,1.8805462008719687e-05,1.0268032218579977
2024-11-20 19:33:00+00:00,2024-11-20 19:33:00+00:00,Sell,93550.96875,slight_down,moderate_up,75.703125,-1.7537200787121066e-06,1.0268050225834247
2024-11-20 19:39:00+00:00,2024-11-20 19:39:00+00:00,Sell,93784.90625,slight_down,moderate_up,233.9375,-4.198260520726915e-05,1.0268481305333128
2024-11-20 19:51:00+00:00,2024-11-20 19:51:00+00:00,Sell,93874.0546875,moderate_down,moderate_up,89.1484375,-0.0013840809744715132,1.0282693714944555
2024-11-20 19:53:00+00:00,2024-11-20 19:53:00+00:00,Buy,93940.796875,slight_up,moderate_down,66.7421875,0.0007109758678496281,1.029000446203237
2024-11-20 20:15:00+00:00,2024-11-20 20:15:00+00:00,Buy,94018.078125,slight_up,moderate_down,77.28125,0.0004045073389902232,1.0294166844355503
2024-11-20 20:42:00+00:00,2024-11-20 20:42:00+00:00,Sell,94601.6953125,slight_down,moderate_up,583.6171875,-0.0006464551430446219,1.0300821561455398
2024-11-20 20:59:00+00:00,2024-11-20 20:59:00+00:00,Buy,94206.5,slight_up,moderate_down,-395.1953125,1.841069279762131e-05,1.0301011206716728
2024-11-20 21:08:00+00:00,2024-11-20 21:08:00+00:00,Buy,94242.9609375,slight_up,moderate_down,36.4609375,0.0009222547922400626,1.031051136366704
2024-11-20 21:20:00+00:00,2024-11-20 21:20:00+00:00,Sell,94306.703125,slight_down,moderate_up,63.7421875,-0.00043381785297502695,1.03149842475699
2024-11-20 21:23:00+00:00,2024-11-20 21:23:00+00:00,Buy,94319.6796875,moderate_up,moderate_down,12.9765625,0.002312648759080771,1.033883918308998
2024-11-20 21:44:00+00:00,2024-11-20 21:44:00+00:00,Buy,94558.515625,moderate_up,moderate_down,238.8359375,0.0011672228987114064,1.0350906912930578
2024-11-20 22:33:00+00:00,2024-11-20 22:33:00+00:00,Buy,94122.6640625,slight_up,moderate_down,-435.8515625,0.00024633171641652574,1.0353456669596908
2024-11-20 22:38:00+00:00,2024-11-20 22:38:00+00:00,Sell,94135.2734375,slight_down,moderate_up,12.609375,-0.0009246739782132751,1.0363030241563842
2024-11-20 22:51:00+00:00,2024-11-20 22:51:00+00:00,Sell,94193.078125,slight_down,moderate_up,57.8046875,-7.903684850474324e-05,1.0363849302815094
2024-11-20 23:44:00+00:00,2024-11-20 23:44:00+00:00,Sell,94165.7421875,slight_down,moderate_up,-27.3359375,-6.064404137862134e-05,1.0364477808521055
2024-11-21 00:02:00+00:00,2024-11-21 00:02:00+00:00,Sell,94299.921875,slight_down,moderate_up,134.1796875,-0.0005387973417343428,1.0370062161612752
2024-11-21 00:32:00+00:00,2024-11-21 00:32:00+00:00,Sell,94724.7421875,moderate_down,moderate_up,424.8203125,-0.001783404817992218,1.038855618043465
2024-11-21 00:33:00+00:00,2024-11-21 00:33:00+00:00,Buy,94771.203125,slight_up,moderate_down,46.4609375,0.0004904836521806288,1.0393651597410913
2024-11-21 01:14:00+00:00,2024-11-21 01:14:00+00:00,Buy,94931.46875,moderate_up,moderate_down,160.265625,0.0023649297149224147,1.0418231852920181
2024-11-21 01:30:00+00:00,2024-11-21 01:30:00+00:00,Sell,94948.53125,slight_down,moderate_up,17.0625,-6.713713121064835e-05,1.0418931303119074
2024-11-21 02:20:00+00:00,2024-11-21 02:20:00+00:00,Buy,94651.2890625,slight_up,moderate_down,-297.2421875,0.0006892695312306074,1.0426112755014298
2024-11-21 02:33:00+00:00,2024-11-21 02:33:00+00:00,Buy,94331.5625,slight_up,moderate_down,-319.7265625,0.0006001393198320493,1.0432369875231584
2024-11-21 03:32:00+00:00,2024-11-21 03:32:00+00:00,Sell,95600.8671875,slight_down,moderate_up,1269.3046875,-0.0009134478746456454,1.044189930132163
2024-11-21 03:39:00+00:00,2024-11-21 03:39:00+00:00,Sell,95722.921875,moderate_down,moderate_up,122.0546875,-0.0013634071878161347,1.0456135861883504
2024-11-21 03:48:00+00:00,2024-11-21 03:48:00+00:00,Sell,95799.3203125,slight_down,moderate_up,76.3984375,-0.0001662541975311349,1.0457874238360498
2024-11-21 03:54:00+00:00,2024-11-21 03:54:00+00:00,Sell,95953.109375,slight_down,moderate_up,153.7890625,-0.00017526648768806385,1.0459707153246938
2024-11-21 04:00:00+00:00,2024-11-21 04:00:00+00:00,Buy,95886.75,slight_up,moderate_down,-66.359375,0.00019590745735920123,1.0461756287880053
2024-11-21 04:05:00+00:00,2024-11-21 04:05:00+00:00,Sell,96459.9140625,strong_up,slight_up,573.1640625,0.005283432359185047,1.040648230617476
2024-11-21 04:18:00+00:00,2024-11-21 04:18:00+00:00,Buy,96660.53125,slight_up,moderate_down,200.6171875,0.00036473047420537696,1.04102778674011
2024-11-21 04:24:00+00:00,2024-11-21 04:24:00+00:00,Buy,96626.03125,slight_up,moderate_down,-34.5,0.0006026366018772045,1.041655148187971
2024-11-21 04:33:00+00:00,2024-11-21 04:33:00+00:00,Buy,96418.234375,slight_up,moderate_down,-207.796875,6.223276577799197e-05,1.0417199732688296
2024-11-21 04:36:00+00:00,2024-11-21 04:36:00+00:00,Buy,96405.5703125,slight_up,moderate_down,-12.6640625,0.0009651188776134134,1.0427253568802182
2024-11-21 04:44:00+00:00,2024-11-21 04:44:00+00:00,Sell,96775.6328125,slight_down,moderate_up,370.0625,-0.0002230823213313915,1.042957970473342
2024-11-21 04:48:00+00:00,2024-11-21 04:48:00+00:00,Buy,96683.8046875,slight_up,moderate_down,-91.828125,0.000266241348671592,1.0432356490100088
2024-11-21 05:00:00+00:00,2024-11-21 05:00:00+00:00,Sell,97537.125,slight_down,moderate_up,853.3203125,-1.2815616597938728e-06,1.0432369859808188
2024-11-21 05:04:00+00:00,2024-11-21 05:04:00+00:00,Buy,97295.65625,slight_up,moderate_down,-241.46875,2.0797224253188418e-05,1.0432586824143655
2024-11-21 05:07:00+00:00,2024-11-21 05:07:00+00:00,Sell,97475.53125,slight_down,moderate_up,179.875,-0.0008627729718708732,1.0441587778082222
2024-11-21 05:23:00+00:00,2024-11-21 05:23:00+00:00,Buy,97569.34375,slight_up,moderate_down,93.8125,0.0008091336500148927,1.0450036418113053
2024-11-21 05:26:00+00:00,2024-11-21 05:26:00+00:00,Buy,97643.328125,moderate_up,moderate_down,73.984375,0.001826691986578144,1.0469125415897471
2024-11-21 05:27:00+00:00,2024-11-21 05:27:00+00:00,Sell,97569.8984375,slight_down,moderate_up,-73.4296875,-0.0007520195072211466,1.047699840243377
2024-11-21 05:41:00+00:00,2024-11-21 05:41:00+00:00,Buy,97571.6328125,slight_up,moderate_down,1.734375,0.0004433003688428805,1.0481642859689935
2024-11-21 05:56:00+00:00,2024-11-21 05:56:00+00:00,Buy,97073.46875,moderate_up,moderate_down,-498.1640625,0.002713654385484876,1.051008641580322
2024-11-21 05:57:00+00:00,2024-11-21 05:57:00+00:00,Sell,97041.609375,slight_down,moderate_up,-31.859375,-0.0003281985841264712,1.0513535811283934
2024-11-21 06:15:00+00:00,2024-11-21 06:15:00+00:00,Sell,97221.625,slight_down,moderate_up,180.015625,-0.0004368742423075389,1.051812890427546
2024-11-21 06:20:00+00:00,2024-11-21 06:20:00+00:00,Buy,96966.5859375,slight_up,moderate_down,-255.0390625,0.00013996792583004236,1.0519601104961807
2024-11-21 06:39:00+00:00,2024-11-21 06:39:00+00:00,Buy,97318.96875,slight_up,moderate_down,352.3828125,0.000665459350105424,1.0526601471876482
2024-11-21 06:44:00+00:00,2024-11-21 06:44:00+00:00,Sell,97394.1796875,slight_down,moderate_up,75.2109375,-0.0002794720744446755,1.052954336302668
2024-11-21 06:50:00+00:00,2024-11-21 06:50:00+00:00,Buy,97170.3515625,slight_up,moderate_down,-223.828125,0.0001374225480408331,1.0530990359705334
2024-11-21 07:00:00+00:00,2024-11-21 07:00:00+00:00,Buy,97033.0078125,slight_up,moderate_down,-137.34375,0.00014003317312583086,1.0532465047701562
2024-11-21 07:30:00+00:00,2024-11-21 07:30:00+00:00,Buy,97160.8203125,slight_up,moderate_down,127.8125,0.00011177950969010197,1.0533642361480422
2024-11-21 07:38:00+00:00,2024-11-21 07:38:00+00:00,Buy,97274.265625,slight_up,moderate_down,113.4453125,0.00033952283624483215,1.0537218773610981
2024-11-21 08:03:00+00:00,2024-11-21 08:03:00+00:00,Sell,97117.9453125,slight_down,moderate_up,-156.3203125,-0.00031901725636473977,1.0540580328233853
2024-11-21 08:36:00+00:00,2024-11-21 08:36:00+00:00,Sell,96875.0546875,slight_down,moderate_up,-242.890625,-0.0005443000428798639,1.054631756655849
2024-11-21 09:14:00+00:00,2024-11-21 09:14:00+00:00,Sell,97476.28125,slight_down,moderate_up,601.2265625,-0.0007500202821821844,1.0554227518635744
2024-11-21 09:54:00+00:00,2024-11-21 09:54:00+00:00,Sell,97609.359375,slight_down,moderate_up,133.078125,-0.00017405328815467414,1.0556064516639294
2024-11-21 10:23:00+00:00,2024-11-21 10:23:00+00:00,Sell,97441.4453125,slight_down,moderate_up,-167.9140625,-0.0001505485281315666,1.0557653716615134
2024-11-21 11:12:00+00:00,2024-11-21 11:12:00+00:00,Sell,98197.171875,slight_down,moderate_up,755.7265625,-0.0009659504263082042,1.0567851886723514
2024-11-21 11:15:00+00:00,2024-11-21 11:15:00+00:00,Buy,98153.8046875,slight_up,moderate_down,-43.3671875,0.0009614695920900918,1.057801255496631
2024-11-21 12:26:00+00:00,2024-11-21 12:26:00+00:00,Sell,98036.4921875,slight_down,moderate_up,-117.3125,-0.0006496863180982526,1.0584884944995943
2024-11-21 12:42:00+00:00,2024-11-21 12:42:00+00:00,Sell,97921.109375,slight_down,moderate_up,-115.3828125,-0.00031377025509027323,1.0588206167045233
2024-11-21 14:24:00+00:00,2024-11-21 14:24:00+00:00,Buy,97264.1796875,slight_up,moderate_down,-656.9296875,9.294174520668719e-05,1.0589190253405008
2024-11-21 14:42:00+00:00,2024-11-21 14:42:00+00:00,Buy,96974.0390625,moderate_up,moderate_down,-290.140625,0.0034553943456772096,1.0625780081531924
2024-11-21 14:57:00+00:00,2024-11-21 14:57:00+00:00,Buy,97148.6015625,moderate_up,moderate_down,174.5625,0.0014399449921684848,1.064108062034821
2024-11-21 14:59:00+00:00,2024-11-21 14:59:00+00:00,Sell,97053.7578125,slight_down,moderate_up,-94.84375,-0.0009762749898050149,1.0651469241222353
2024-11-21 15:04:00+00:00,2024-11-21 15:04:00+00:00,Buy,96855.4609375,slight_up,moderate_down,-198.296875,0.0006818924225915346,1.065873239738741
2024-11-21 15:09:00+00:00,2024-11-21 15:09:00+00:00,Buy,96751.171875,moderate_up,moderate_down,-104.2890625,0.0016225214813643252,1.0676026419666285
2024-11-21 15:11:00+00:00,2024-11-21 15:11:00+00:00,Sell,96646.0078125,moderate_down,moderate_up,-105.1640625,-0.0010869538886398855,1.0687630768098364
2024-11-21 15:14:00+00:00,2024-11-21 15:14:00+00:00,Buy,96911.359375,moderate_up,moderate_down,265.3515625,0.004021865219518306,1.0730614978563633
2024-11-21 15:25:00+00:00,2024-11-21 15:25:00+00:00,Buy,96694.515625,slight_up,moderate_down,-216.84375,0.00026831365996149437,1.0733494149142169
2024-11-21 15:31:00+00:00,2024-11-21 15:31:00+00:00,Buy,96289.3671875,slight_up,moderate_down,-405.1484375,0.000848993356170169,1.0742606814363282
2024-11-21 15:34:00+00:00,2024-11-21 15:34:00+00:00,Buy,96245.1953125,slight_up,moderate_down,-44.171875,0.0009764069783237961,1.0753095970622215
2024-11-21 15:42:00+00:00,2024-11-21 15:42:00+00:00,Buy,95761.5625,slight_up,moderate_down,-483.6328125,5.5642591156424004e-05,1.0753694300744974
2024-11-21 15:46:00+00:00,2024-11-21 15:46:00+00:00,Sell,96178.7578125,slight_down,moderate_up,417.1953125,-0.00046822804386392747,1.0758729481991722
2024-11-21 15:54:00+00:00,2024-11-21 15:54:00+00:00,Buy,96371.6015625,slight_up,moderate_down,192.84375,0.0002216847048337467,1.0761114527761324
2024-11-21 15:58:00+00:00,2024-11-21 15:58:00+00:00,Sell,96864.7734375,slight_down,moderate_up,493.171875,-0.0003512040226889557,1.076489387447209
2024-11-21 16:01:00+00:00,2024-11-21 16:01:00+00:00,Buy,96708.1875,slight_up,moderate_down,-156.5859375,9.670811865869489e-05,1.076593492710625
2024-11-21 16:09:00+00:00,2024-11-21 16:09:00+00:00,Sell,96779.9609375,slight_down,moderate_up,71.7734375,-0.000938104839506404,1.077603450276318
2024-11-21 16:14:00+00:00,2024-11-21 16:14:00+00:00,Buy,96477.484375,moderate_up,moderate_down,-302.4765625,0.0013202965903622577,1.0790262064374805
2024-11-21 16:19:00+00:00,2024-11-21 16:19:00+00:00,Buy,96750.953125,slight_up,moderate_down,273.46875,0.0006615257756281689,1.0797400100856172
2024-11-21 16:24:00+00:00,2024-11-21 16:24:00+00:00,Sell,97032.765625,slight_down,moderate_up,281.8125,-0.00015214838347576976,1.0799042907827257
2024-11-21 16:56:00+00:00,2024-11-21 16:56:00+00:00,Sell,97207.7890625,moderate_down,moderate_up,175.0234375,-0.0013264175977715231,1.081336694837929
2024-11-21 17:33:00+00:00,2024-11-21 17:33:00+00:00,Buy,97654.859375,slight_up,moderate_down,447.0703125,0.0007946422616615934,1.0821959706747328
2024-11-21 17:38:00+00:00,2024-11-21 17:38:00+00:00,Buy,97550.515625,slight_up,moderate_down,-104.34375,6.60759027109048e-05,1.0822674777504053
2024-11-21 17:44:00+00:00,2024-11-21 17:44:00+00:00,Buy,97708.9921875,moderate_up,moderate_down,158.4765625,0.0025921053137878403,1.085072829030422
2024-11-21 17:45:00+00:00,2024-11-21 17:45:00+00:00,Sell,97684.296875,slight_down,moderate_up,-24.6953125,-0.00025274349829140785,1.0853470741331321
2024-11-21 18:03:00+00:00,2024-11-21 18:03:00+00:00,Sell,97992.390625,slight_down,moderate_up,308.09375,-0.0007458341791218848,1.0861565630772307
2024-11-21 18:10:00+00:00,2024-11-21 18:10:00+00:00,Sell,97948.2890625,slight_down,moderate_up,-44.1015625,-0.0005233600335970978,1.0867250140125744
2024-11-21 18:37:00+00:00,2024-11-21 18:37:00+00:00,Sell,98316.3671875,slight_down,moderate_up,368.078125,-0.0003932659149576967,1.0871523859195174
2024-11-21 19:28:00+00:00,2024-11-21 19:28:00+00:00,Buy,98602.03125,slight_up,moderate_down,285.6640625,2.987160045142545e-05,1.0871848609012194
2024-11-21 19:31:00+00:00,2024-11-21 19:31:00+00:00,Sell,98743.75,slight_down,moderate_up,141.71875,-0.0002632384915421948,1.0874710498040305
2024-11-21 20:03:00+00:00,2024-11-21 20:03:00+00:00,Buy,98102.8046875,moderate_up,moderate_down,-640.9453125,0.002027569972270493,1.0896759734503267
2024-11-21 20:16:00+00:00,2024-11-21 20:16:00+00:00,Buy,98457.6328125,slight_up,moderate_down,354.828125,0.0008081858899018357,1.0905566341966344
2024-11-21 20:30:00+00:00,2024-11-21 20:30:00+00:00,Sell,98673.9921875,slight_down,moderate_up,216.359375,-0.0009239870551636109,1.091564294409555
2024-11-21 20:40:00+00:00,2024-11-21 20:40:00+00:00,Buy,98138.0390625,slight_up,moderate_down,-535.953125,0.0008600197197405901,1.092503061228112
2024-11-21 20:43:00+00:00,2024-11-21 20:43:00+00:00,Buy,98020.296875,slight_up,moderate_down,-117.7421875,0.00013575243156682681,1.0926513711751678
2024-11-21 21:03:00+00:00,2024-11-21 21:03:00+00:00,Sell,97740.796875,strong_down,moderate_up,-279.5,-0.0056049673564183555,1.0987756464425504
2024-11-21 21:04:00+00:00,2024-11-21 21:04:00+00:00,Buy,97922.859375,moderate_up,strong_down,182.0625,0.0018627073424910545,1.1008223439069293
2024-11-21 21:07:00+00:00,2024-11-21 21:07:00+00:00,Sell,97928.125,moderate_down,moderate_up,5.265625,-0.0010416110463369321,1.1019689726203974
2024-11-21 21:09:00+00:00,2024-11-21 21:09:00+00:00,Buy,98033.78125,moderate_up,moderate_down,105.65625,0.0010789162970290533,1.1031579049037779
2024-11-21 21:19:00+00:00,2024-11-21 21:19:00+00:00,Buy,98136.03125,slight_up,moderate_down,102.25,0.00011361478536797698,1.1032832399523704
2024-11-21 22:12:00+00:00,2024-11-21 22:12:00+00:00,Sell,98024.8125,moderate_down,moderate_up,-111.21875,-0.0010193488380833005,1.1044078704410925
2024-11-22 00:13:00+00:00,2024-11-22 00:13:00+00:00,Buy,98313.1015625,slight_up,moderate_down,288.2890625,0.0003118403796964486,1.1047522694107506
2024-11-22 00:37:00+00:00,2024-11-22 00:37:00+00:00,Sell,98440.4921875,slight_down,moderate_up,127.390625,-3.618806652472273e-05,1.1047922482593693
2024-11-22 00:57:00+00:00,2024-11-22 00:57:00+00:00,Buy,98002.03125,slight_up,moderate_down,-438.4609375,0.00029775465558623537,1.1051212052947441
2024-11-22 01:04:00+00:00,2024-11-22 01:04:00+00:00,Buy,97988.828125,slight_up,moderate_down,-13.203125,0.00014767894469835952,1.1052844084281057
2024-11-22 01:57:00+00:00,2024-11-22 01:57:00+00:00,Sell,98160.8203125,slight_down,moderate_up,171.9921875,-4.966093281855155e-05,1.105339297882858
2024-11-22 02:27:00+00:00,2024-11-22 02:27:00+00:00,Buy,98420.1171875,moderate_up,moderate_down,259.296875,0.0014269674997042792,1.1069165811370827
2024-11-22 02:43:00+00:00,2024-11-22 02:43:00+00:00,Sell,98738.9375,slight_down,moderate_up,318.8203125,-0.000570703271386308,1.1075483020510892
2024-11-22 02:46:00+00:00,2024-11-22 02:46:00+00:00,Buy,98803.15625,moderate_up,moderate_down,64.21875,0.0018578266691762213,1.1096059348240406
2024-11-22 02:48:00+00:00,2024-11-22 02:48:00+00:00,Sell,98640.71875,moderate_down,moderate_up,-162.4375,-0.0016440517303818458,1.1114301843812302
2024-11-22 03:26:00+00:00,2024-11-22 03:26:00+00:00,Buy,99100.96875,slight_up,moderate_down,460.25,0.000556560456379529,1.1120487624718833
2024-11-22 03:38:00+00:00,2024-11-22 03:38:00+00:00,Sell,98663.2421875,slight_down,moderate_up,-437.7265625,-0.0006868406320041931,1.112812562746719
2024-11-22 04:18:00+00:00,2024-11-22 04:18:00+00:00,Buy,98792.6171875,slight_up,moderate_down,129.375,0.00010708550967764019,1.1129317288471763
2024-11-22 04:38:00+00:00,2024-11-22 04:38:00+00:00,Sell,99081.875,slight_down,moderate_up,289.2578125,-0.00045317589608639963,1.1134360826806795
2024-11-22 05:06:00+00:00,2024-11-22 05:06:00+00:00,Buy,98797.4921875,moderate_up,moderate_down,-284.3828125,0.0014798780302378578,1.1150838322775127
2024-11-22 05:39:00+00:00,2024-11-22 05:39:00+00:00,Sell,99072.3203125,slight_down,moderate_up,274.828125,-0.00011661521614891868,1.115213868019638
2024-11-22 07:33:00+00:00,2024-11-22 07:33:00+00:00,Sell,99422.609375,slight_down,moderate_up,350.2890625,-1.2415281419819735e-05,1.1152277137136528
2024-11-22 07:56:00+00:00,2024-11-22 07:56:00+00:00,Sell,99442.546875,slight_down,moderate_up,19.9375,-0.00029970637257747956,1.1155619545663278
2024-11-22 10:27:00+00:00,2024-11-22 10:27:00+00:00,Sell,98538.9375,slight_down,moderate_up,-903.609375,-0.00022131020715654426,1.115808839813589
2024-11-22 10:39:00+00:00,2024-11-22 10:39:00+00:00,Sell,98509.5625,slight_down,moderate_up,-29.375,-0.00013409019091792374,1.1159584588339475
2024-11-22 11:05:00+00:00,2024-11-22 11:05:00+00:00,Buy,98457.765625,moderate_up,moderate_down,-51.796875,0.001226965595865659,1.1173277014693521
2024-11-22 11:09:00+00:00,2024-11-22 11:09:00+00:00,Sell,98608.7109375,slight_down,moderate_up,150.9453125,-0.0003202133255947315,1.1176854846884188
2024-11-22 12:12:00+00:00,2024-11-22 12:12:00+00:00,Buy,98813.921875,slight_up,moderate_down,205.2109375,0.00043416382886141136,1.118170743297914
2024-11-22 12:29:00+00:00,2024-11-22 12:29:00+00:00,Sell,98849.6640625,slight_down,moderate_up,35.7421875,-0.0007943730683601657,1.1190589880222181
2024-11-22 13:15:00+00:00,2024-11-22 13:15:00+00:00,Buy,98383.2421875,slight_up,moderate_down,-466.421875,0.00019315962363419814,1.119275145035169
2024-11-22 13:21:00+00:00,2024-11-22 13:21:00+00:00,Buy,98157.296875,slight_up,moderate_down,-225.9453125,0.0006761102277104136,1.1200318984083493
2024-11-22 13:27:00+00:00,2024-11-22 13:27:00+00:00,Buy,98037.1015625,moderate_up,moderate_down,-120.1953125,0.0010269725886704606,1.1211821404664513
2024-11-22 13:29:00+00:00,2024-11-22 13:29:00+00:00,Sell,97837.9375,moderate_down,moderate_up,-199.1640625,-0.0020315172452648467,1.123459841319892
2024-11-22 13:32:00+00:00,2024-11-22 13:32:00+00:00,Buy,98138.9609375,moderate_up,moderate_down,301.0234375,0.004414637900464369,1.1284195097150325
2024-11-22 13:33:00+00:00,2024-11-22 13:33:00+00:00,Sell,97945.9296875,moderate_down,moderate_up,-193.03125,-0.001966917604955376,1.1306390179144663
2024-11-22 13:39:00+00:00,2024-11-22 13:39:00+00:00,Sell,97949.8671875,moderate_down,moderate_up,3.9375,-0.0019045485545643448,1.1327923748217694
2024-11-22 13:45:00+00:00,2024-11-22 13:45:00+00:00,Buy,97680.140625,moderate_up,moderate_down,-269.7265625,0.00199155215168334,1.1350483899132562
2024-11-22 13:46:00+00:00,2024-11-22 13:46:00+00:00,Sell,97528.296875,moderate_down,moderate_up,-151.84375,-0.001554499707191681,1.1368128223030247
2024-11-22 13:47:00+00:00,2024-11-22 13:47:00+00:00,Buy,97746.921875,moderate_up,moderate_down,218.625,0.002241657108810191,1.139361166847527
2024-11-22 13:48:00+00:00,2024-11-22 13:48:00+00:00,Sell,97686.9296875,slight_down,moderate_up,-59.9921875,-0.0006137501452651017,1.1400604499291889
2024-11-22 13:53:00+00:00,2024-11-22 13:53:00+00:00,Sell,98086.234375,slight_down,moderate_up,399.3046875,-0.0005114054399082413,1.1406434830451069
2024-11-22 13:57:00+00:00,2024-11-22 13:57:00+00:00,Buy,97751.4140625,slight_up,moderate_down,-334.8203125,0.0002469403854412633,1.140925153986461
2024-11-22 14:00:00+00:00,2024-11-22 14:00:00+00:00,Sell,97854.3671875,slight_down,moderate_up,102.953125,-5.66019600085621e-05,1.1409897325863998
2024-11-22 14:15:00+00:00,2024-11-22 14:15:00+00:00,Sell,98103.2109375,slight_down,moderate_up,248.84375,-0.0006049433927065584,1.141679966786274
2024-11-22 14:27:00+00:00,2024-11-22 14:27:00+00:00,Sell,97827.0703125,slight_down,moderate_up,-276.140625,-0.0009988523569365304,1.1428203365119658
2024-11-22 14:33:00+00:00,2024-11-22 14:33:00+00:00,Buy,97656.015625,slight_up,moderate_down,-171.0546875,0.00035981028010612093,1.1432315350173572
2024-11-22 14:36:00+00:00,2024-11-22 14:36:00+00:00,Sell,97744.7890625,slight_down,moderate_up,88.7734375,-0.0009758412029045038,1.144347147453687
2024-11-22 14:44:00+00:00,2024-11-22 14:44:00+00:00,Sell,97738.796875,slight_down,moderate_up,-5.9921875,-0.00043264686963007115,1.144842245664803
2024-11-22 14:48:00+00:00,2024-11-22 14:48:00+00:00,Buy,97589.9375,slight_up,moderate_down,-148.859375,4.995641622906888e-05,1.1448994378805442
2024-11-22 14:53:00+00:00,2024-11-22 14:53:00+00:00,Buy,97578.890625,moderate_up,moderate_down,-11.046875,0.002291851936735201,1.1475233778746177
2024-11-22 14:54:00+00:00,2024-11-22 14:54:00+00:00,Sell,97547.9921875,slight_down,moderate_up,-30.8984375,-0.0003166508381279298,1.147886742113993
2024-11-22 15:05:00+00:00,2024-11-22 15:05:00+00:00,Sell,97520.984375,slight_down,moderate_up,-27.0078125,-0.0008989974161828229,1.148918689329224
2024-11-22 15:11:00+00:00,2024-11-22 15:11:00+00:00,Sell,97913.0,slight_down,moderate_up,392.015625,-0.00025956998809362197,1.1492169141397337
2024-11-22 15:15:00+00:00,2024-11-22 15:15:00+00:00,Sell,98042.2265625,slight_down,moderate_up,129.2265625,-0.00017105454369303885,1.1494134929145863
2024-11-22 15:23:00+00:00,2024-11-22 15:23:00+00:00,Buy,98194.796875,slight_up,moderate_down,152.5703125,0.0001784081284079697,1.149618557624624
2024-11-22 15:27:00+00:00,2024-11-22 15:27:00+00:00,Sell,98428.453125,slight_down,moderate_up,233.65625,-0.00010039597282784918,1.1497339746980977
2024-11-22 16:33:00+00:00,2024-11-22 16:33:00+00:00,Sell,98651.6484375,moderate_down,moderate_up,223.1953125,-0.0014936384555166438,1.1514512615763208
2024-11-22 17:02:00+00:00,2024-11-22 17:02:00+00:00,Buy,98986.1875,slight_up,moderate_down,334.5390625,9.25088364882587e-05,1.1515577809928021
2024-11-22 17:12:00+00:00,2024-11-22 17:12:00+00:00,Sell,99154.2890625,moderate_down,moderate_up,168.1015625,-0.0011152282648739797,1.152842030778801
2024-11-22 17:14:00+00:00,2024-11-22 17:14:00+00:00,Buy,99253.6328125,moderate_up,moderate_down,99.34375,0.0010019107689571705,1.1539970756243447
2024-11-22 17:15:00+00:00,2024-11-22 17:15:00+00:00,Sell,99231.828125,slight_down,moderate_up,-21.8046875,-0.00021968654327431114,1.154250593252837
2024-11-22 17:26:00+00:00,2024-11-22 17:26:00+00:00,Buy,99217.1171875,slight_up,moderate_down,-14.7109375,0.00035430454421181423,1.1546595494831857
2024-11-22 17:30:00+00:00,2024-11-22 17:30:00+00:00,Buy,99218.6171875,slight_up,moderate_down,1.5,0.0009976886380698158,1.1558115401965439
2024-11-22 17:36:00+00:00,2024-11-22 17:36:00+00:00,Buy,99062.7265625,slight_up,moderate_down,-155.890625,0.00022126295157365305,1.1560672784693906
2024-11-22 18:05:00+00:00,2024-11-22 18:05:00+00:00,Sell,99098.0859375,slight_down,moderate_up,35.359375,-0.00014393387680855518,1.1562336757146323
2024-11-22 18:09:00+00:00,2024-11-22 18:09:00+00:00,Sell,99204.21875,slight_down,moderate_up,106.1328125,-0.0003593722754327011,1.1566491940416057
2024-11-22 18:12:00+00:00,2024-11-22 18:12:00+00:00,Buy,99202.34375,moderate_up,moderate_down,-1.875,0.0010238935831796692,1.1578334797293748
2024-11-22 18:14:00+00:00,2024-11-22 18:14:00+00:00,Sell,99192.75,slight_down,moderate_up,-9.59375,-9.670890462198933e-05,1.1579454525369341
2024-11-22 18:53:00+00:00,2024-11-22 18:53:00+00:00,Buy,99020.265625,slight_up,moderate_down,-172.484375,0.00075554529106725,1.1588203327709112
2024-11-22 19:49:00+00:00,2024-11-22 19:49:00+00:00,Sell,99299.375,slight_down,moderate_up,279.109375,-0.0008580927199212107,1.1598147080621586
2024-11-22 19:57:00+00:00,2024-11-22 19:57:00+00:00,Buy,99364.03125,slight_up,moderate_down,64.65625,0.0004576497756823006,1.1603454970031362
2024-11-22 20:30:00+00:00,2024-11-22 20:30:00+00:00,Buy,99346.3828125,slight_up,moderate_down,-17.6484375,0.00031276644834110634,1.1607084141430823
2024-11-22 20:39:00+00:00,2024-11-22 20:39:00+00:00,Buy,99163.1640625,slight_up,moderate_down,-183.21875,0.00011275303838309547,1.160839287543454
2024-11-22 21:00:00+00:00,2024-11-22 21:00:00+00:00,Sell,99223.328125,moderate_down,moderate_up,60.1640625,-0.0010935554630976396,1.1621087296881256
2024-11-22 21:12:00+00:00,2024-11-22 21:12:00+00:00,Buy,99069.640625,slight_up,moderate_down,-153.6875,0.0003863200877689543,1.162557675634576
2024-11-22 21:47:00+00:00,2024-11-22 21:47:00+00:00,Sell,99056.984375,slight_down,moderate_up,-12.65625,-4.550519480839288e-05,1.1626105780480815
2024-11-22 22:33:00+00:00,2024-11-22 22:33:00+00:00,Buy,98995.515625,slight_up,moderate_down,-61.46875,0.0006096161739699291,1.1633193242604882
2024-11-23 03:09:00+00:00,2024-11-23 03:09:00+00:00,Buy,98526.5390625,slight_up,moderate_down,-468.9765625,6.383522676811637e-05,1.163393585013356
2024-11-23 05:00:00+00:00,2024-11-23 05:00:00+00:00,Sell,98675.921875,slight_down,moderate_up,149.3828125,-5.700153856658119e-05,1.1634599002376604
2024-11-23 06:36:00+00:00,2024-11-23 06:36:00+00:00,Sell,98838.5625,slight_down,moderate_up,162.640625,-0.00020207220023116257,1.1636950031395823
2024-11-23 14:43:00+00:00,2024-11-23 14:43:00+00:00,Sell,98841.1953125,slight_down,moderate_up,2.6328125,-0.0002804375932717873,1.1640213469655654
2024-11-23 16:19:00+00:00,2024-11-23 16:19:00+00:00,Buy,98275.640625,moderate_up,moderate_down,-565.5546875,0.001479854536699854,1.1657439292366878
2024-11-23 16:21:00+00:00,2024-11-23 16:21:00+00:00,Sell,98181.1875,slight_down,moderate_up,-94.453125,-0.0009611041393300379,1.166864330552476
2024-11-23 16:27:00+00:00,2024-11-23 16:27:00+00:00,Buy,98187.15625,moderate_up,moderate_down,5.96875,0.0038290685890496334,1.1713323341082769
2024-11-23 16:28:00+00:00,2024-11-23 16:28:00+00:00,Sell,98148.78125,slight_down,moderate_up,-38.375,-0.00039083523207750215,1.171790132052918
2024-11-23 16:31:00+00:00,2024-11-23 16:31:00+00:00,Buy,98157.34375,moderate_up,moderate_down,8.5625,0.0021053229352905323,1.1742571286932761
2024-11-23 16:33:00+00:00,2024-11-23 16:33:00+00:00,Sell,98046.9140625,moderate_down,moderate_up,-110.4296875,-0.0011250272601228684,1.1755781999734496
2024-11-23 16:34:00+00:00,2024-11-23 16:34:00+00:00,Buy,98084.34375,slight_up,moderate_down,37.4296875,0.0003817528359550959,1.1760269802851764
2024-11-23 16:40:00+00:00,2024-11-23 16:40:00+00:00,Buy,97922.953125,slight_up,moderate_down,-161.390625,0.000884368305102301,1.1770670212724859
2024-11-23 16:46:00+00:00,2024-11-23 16:46:00+00:00,Sell,97889.2421875,slight_down,moderate_up,-33.7109375,-0.0007757056672688112,1.1779800788316421
2024-11-23 16:58:00+00:00,2024-11-23 16:58:00+00:00,Buy,97816.078125,slight_up,moderate_down,-73.1640625,3.362609870882771e-05,1.17801968970605
2024-11-23 17:04:00+00:00,2024-11-23 17:04:00+00:00,Buy,97699.9453125,slight_up,moderate_down,-116.1328125,0.000107243520044209,1.1781460246842554
2024-11-23 17:15:00+00:00,2024-11-23 17:15:00+00:00,Sell,97654.859375,slight_down,moderate_up,-45.0859375,-0.00033517239625391326,1.178540906710486
2024-11-23 17:31:00+00:00,2024-11-23 17:31:00+00:00,Sell,98048.3984375,slight_down,moderate_up,393.5390625,-0.0002709183886433486,1.1788601951138822
2024-11-23 17:55:00+00:00,2024-11-23 17:55:00+00:00,Buy,98025.578125,slight_up,moderate_down,-22.8203125,0.0001369409215501438,1.17902162931538
2024-11-23 21:04:00+00:00,2024-11-23 21:04:00+00:00,Buy,97725.28125,slight_up,moderate_down,-300.296875,0.0006741379422066096,1.1798164525303836
2024-11-23 22:19:00+00:00,2024-11-23 22:19:00+00:00,Buy,97920.6015625,slight_up,moderate_down,195.3203125,0.0002577688375351439,1.1801205724458572
2024-11-23 22:39:00+00:00,2024-11-23 22:39:00+00:00,Buy,97729.453125,slight_up,moderate_down,-191.1484375,0.0005337248435277608,1.1807504321137299
2024-11-23 22:52:00+00:00,2024-11-23 22:52:00+00:00,Sell,97755.421875,slight_down,moderate_up,25.96875,-0.0005861805635816175,1.1814425650674756
2024-11-23 23:27:00+00:00,2024-11-23 23:27:00+00:00,Buy,97601.71875,slight_up,moderate_down,-153.703125,3.2018903960873146e-05,1.1814803935635019
2024-11-24 00:14:00+00:00,2024-11-24 00:14:00+00:00,Sell,97939.0390625,slight_down,moderate_up,337.3203125,-0.00011971894681139794,1.1816218391518976
2024-11-24 01:33:00+00:00,2024-11-24 01:33:00+00:00,Sell,98337.34375,slight_down,moderate_up,398.3046875,-5.2431552990839236e-05,1.1816837934199722
2024-11-24 03:28:00+00:00,2024-11-24 03:28:00+00:00,Buy,98408.0546875,slight_up,moderate_down,70.7109375,0.0002676119429889656,1.1820000261159278
2024-11-24 04:27:00+00:00,2024-11-24 04:27:00+00:00,Sell,98249.7734375,slight_down,moderate_up,-158.28125,-0.00019716259180080353,1.1822330723045855
2024-11-24 07:18:00+00:00,2024-11-24 07:18:00+00:00,Buy,98376.53125,slight_up,moderate_down,126.7578125,0.0001257285884332937,1.1823817127999656
2024-11-24 10:50:00+00:00,2024-11-24 10:50:00+00:00,Sell,97682.796875,slight_down,moderate_up,-693.734375,-0.0005187896166616301,1.182995120155497
2024-11-24 12:30:00+00:00,2024-11-24 12:30:00+00:00,Buy,97246.2421875,slight_up,moderate_down,-436.5546875,0.0008444147016926085,1.1839940586269868
2024-11-24 12:39:00+00:00,2024-11-24 12:39:00+00:00,Buy,96863.59375,slight_up,moderate_down,-382.6484375,0.0003521815691645003,1.1844110395124354
2024-11-24 12:50:00+00:00,2024-11-24 12:50:00+00:00,Buy,96659.609375,moderate_up,moderate_down,-203.984375,0.001337498251847924,1.1859951872072527
2024-11-24 12:51:00+00:00,2024-11-24 12:51:00+00:00,Sell,96618.140625,slight_down,moderate_up,-41.46875,-0.0004290183900818034,1.1865040009531134
2024-11-24 14:22:00+00:00,2024-11-24 14:22:00+00:00,Sell,96828.75,slight_down,moderate_up,210.609375,-0.0006506936297335786,1.1872760515481868
2024-11-24 14:26:00+00:00,2024-11-24 14:26:00+00:00,Buy,96720.265625,slight_up,moderate_down,-108.484375,5.484867541261096e-05,1.1873411720669633
2024-11-24 15:27:00+00:00,2024-11-24 15:27:00+00:00,Buy,96635.9296875,slight_up,moderate_down,-84.3359375,0.0009337377183429307,1.1884498373038637
2024-11-24 16:09:00+00:00,2024-11-24 16:09:00+00:00,Sell,96211.859375,slight_down,moderate_up,-424.0703125,-0.0008701230414828176,1.189483934890948
2024-11-24 16:14:00+00:00,2024-11-24 16:14:00+00:00,Buy,96237.015625,moderate_up,moderate_down,25.15625,0.0018225545888037598,1.191651834294792
2024-11-24 16:15:00+00:00,2024-11-24 16:15:00+00:00,Sell,96183.3828125,slight_down,moderate_up,-53.6328125,-0.0005572992070845828,1.1923159409171653
2024-11-24 16:17:00+00:00,2024-11-24 16:17:00+00:00,Buy,96111.0546875,slight_up,moderate_down,-72.328125,0.0007288549696560231,1.193184966316103
2024-11-24 16:28:00+00:00,2024-11-24 16:28:00+00:00,Sell,96413.1015625,slight_down,moderate_up,302.046875,-0.00020974659791661576,1.1934352328034732
2024-11-24 16:31:00+00:00,2024-11-24 16:31:00+00:00,Sell,96466.453125,slight_down,moderate_up,53.3515625,-0.00045979296688369864,1.1939839659299474
2024-11-24 16:38:00+00:00,2024-11-24 16:38:00+00:00,Buy,96382.0390625,slight_up,moderate_down,-84.4140625,0.0009658420200833184,1.1951371658155483
2024-11-24 17:09:00+00:00,2024-11-24 17:09:00+00:00,Buy,96210.15625,moderate_up,moderate_down,-171.8828125,0.0010713948943725793,1.196417629673078
2024-11-24 17:10:00+00:00,2024-11-24 17:10:00+00:00,Sell,96135.375,slight_down,moderate_up,-74.78125,-0.0007772698113667209,1.1973475689784099
2024-11-24 17:45:00+00:00,2024-11-24 17:45:00+00:00,Buy,95816.4609375,slight_up,moderate_down,-318.9140625,0.00015314823599399396,1.1975309406464707
2024-11-24 18:11:00+00:00,2024-11-24 18:11:00+00:00,Sell,96075.6953125,slight_down,moderate_up,259.234375,-0.0006281785285002783,1.1982832038705995
2024-11-24 19:14:00+00:00,2024-11-24 19:14:00+00:00,Buy,96274.234375,slight_up,moderate_down,198.5390625,0.0007674408859370541,1.1992028153941814
2024-11-24 20:03:00+00:00,2024-11-24 20:03:00+00:00,Buy,96336.640625,slight_up,moderate_down,62.40625,0.0008157591255089081,1.2001810760341751
2024-11-24 23:06:00+00:00,2024-11-24 23:06:00+00:00,Sell,98076.7109375,moderate_down,moderate_up,1740.0703125,-0.0012032038973527337,1.2016251385823884
2024-11-24 23:08:00+00:00,2024-11-24 23:08:00+00:00,Buy,98331.6640625,moderate_up,moderate_down,254.953125,0.0025995276815764523,1.2047487963930115
2024-11-24 23:09:00+00:00,2024-11-24 23:09:00+00:00,Sell,98320.1953125,slight_down,moderate_up,-11.46875,-0.00011663333585720803,1.2048893102640048
2024-11-24 23:12:00+00:00,2024-11-24 23:12:00+00:00,Buy,98246.234375,slight_up,moderate_down,-73.9609375,0.0003058463261016442,1.2052578212329081
2024-11-24 23:15:00+00:00,2024-11-24 23:15:00+00:00,Sell,98316.7578125,slight_down,moderate_up,70.5234375,-0.0008455605490823581,1.2062769396980155
2024-11-24 23:18:00+00:00,2024-11-24 23:18:00+00:00,Sell,98364.734375,slight_down,moderate_up,47.9765625,-0.000567240458516971,1.2069611887823881
2024-11-24 23:27:00+00:00,2024-11-24 23:27:00+00:00,Buy,98135.7421875,slight_up,moderate_down,-228.9921875,0.00037302821260798424,1.2074114193573269
2024-11-24 23:35:00+00:00,2024-11-24 23:35:00+00:00,Buy,97882.734375,slight_up,moderate_down,-253.0078125,0.0009092791530138644,1.2085092933900594
2024-11-24 23:38:00+00:00,2024-11-24 23:38:00+00:00,Buy,97795.8515625,slight_up,moderate_down,-86.8828125,0.00011281147692199234,1.2086456271083208
2024-11-24 23:42:00+00:00,2024-11-24 23:42:00+00:00,Buy,97723.4921875,slight_up,moderate_down,-72.359375,0.0009546537851623516,1.2097994652311597
2024-11-24 23:54:00+00:00,2024-11-24 23:54:00+00:00,Sell,98042.1875,slight_down,moderate_up,318.6953125,-0.000199173033564648,1.2100404246606546
2024-11-25 00:21:00+00:00,2024-11-25 00:21:00+00:00,Sell,97947.4296875,slight_down,moderate_up,-94.7578125,-0.00039371054971260033,1.2105168303414224
2024-11-25 00:44:00+00:00,2024-11-25 00:44:00+00:00,Sell,97853.828125,slight_down,moderate_up,-93.6015625,-0.00011000531027083316,1.210649993620932
2024-11-25 00:48:00+00:00,2024-11-25 00:48:00+00:00,Sell,97985.5546875,slight_down,moderate_up,131.7265625,-0.00015680656065253373,1.2108398314825857
2024-11-25 01:21:00+00:00,2024-11-25 01:21:00+00:00,Buy,97408.3671875,slight_up,moderate_down,-577.1875,0.00030269971562435494,1.211206352355242
2024-11-25 01:26:00+00:00,2024-11-25 01:26:00+00:00,Buy,97109.21875,slight_up,moderate_down,-299.1484375,0.0008298930253638481,1.212211524059338
2024-11-25 01:38:00+00:00,2024-11-25 01:38:00+00:00,Buy,97226.2734375,moderate_up,moderate_down,117.0546875,0.0016932650757901513,1.2142641194974981
2024-11-25 01:39:00+00:00,2024-11-25 01:39:00+00:00,Sell,97157.4921875,slight_down,moderate_up,-68.78125,-0.0007074348071585135,1.2151231322007143
2024-11-25 02:30:00+00:00,2024-11-25 02:30:00+00:00,Buy,97703.4609375,slight_up,moderate_down,545.96875,0.00039956650034467245,1.2156086546981357
2024-11-25 05:39:00+00:00,2024-11-25 05:39:00+00:00,Buy,98137.1796875,slight_up,moderate_down,433.71875,0.00030793875180257224,1.215982987709944
2024-11-25 08:06:00+00:00,2024-11-25 08:06:00+00:00,Sell,98100.828125,slight_down,moderate_up,-36.3515625,-0.00015996604802248626,1.2161775037029505
2024-11-25 08:09:00+00:00,2024-11-25 08:09:00+00:00,Sell,98269.2890625,slight_down,moderate_up,168.4609375,-8.211771817356883e-05,1.2162773734244485
2024-11-25 11:45:00+00:00,2024-11-25 11:45:00+00:00,Buy,98192.6484375,slight_up,moderate_down,-76.640625,8.601498236182614e-05,1.2163819915012708
2024-11-25 11:51:00+00:00,2024-11-25 11:51:00+00:00,Buy,98166.515625,slight_up,moderate_down,-26.1328125,0.0003418512190889178,1.2167978131679433
2024-11-25 13:14:00+00:00,2024-11-25 13:14:00+00:00,Buy,97496.0,moderate_up,moderate_down,-670.515625,0.0015445927936230675,1.2186772703014588
2024-11-25 13:32:00+00:00,2024-11-25 13:32:00+00:00,Sell,97650.1484375,slight_down,moderate_up,154.1484375,-0.00033047140722519686,1.2190800082939286
2024-11-25 13:45:00+00:00,2024-11-25 13:45:00+00:00,Sell,97786.828125,slight_down,moderate_up,136.6796875,-0.0006573281308096535,1.2198813438770877
2024-11-25 14:18:00+00:00,2024-11-25 14:18:00+00:00,Buy,97532.2890625,moderate_up,moderate_down,-254.5390625,0.001316680511756818,1.2214875378692263
2024-11-25 14:20:00+00:00,2024-11-25 14:20:00+00:00,Sell,97461.71875,slight_down,moderate_up,-70.5703125,-0.0007235584561618991,1.222371355506348
2024-11-25 14:26:00+00:00,2024-11-25 14:26:00+00:00,Buy,97252.234375,slight_up,moderate_down,-209.484375,1.992281835905274e-05,1.222395708588831
2024-11-25 14:33:00+00:00,2024-11-25 14:33:00+00:00,Buy,97357.515625,moderate_up,moderate_down,105.28125,0.0018209500662869083,1.2246216301354147
2024-11-25 14:36:00+00:00,2024-11-25 14:36:00+00:00,Sell,97042.0859375,moderate_down,moderate_up,-315.4296875,-0.0032399110173986223,1.2285892952470352
2024-11-25 14:40:00+00:00,2024-11-25 14:40:00+00:00,Sell,97071.8515625,moderate_down,moderate_up,29.765625,-0.0010544035235648952,1.2298847241289579
2024-11-25 14:56:00+00:00,2024-11-25 14:56:00+00:00,Buy,95996.4140625,moderate_up,moderate_down,-1075.4375,0.0019257294810373082,1.2322531494004905
2024-11-25 14:57:00+00:00,2024-11-25 14:57:00+00:00,Sell,95909.9375,slight_down,moderate_up,-86.4765625,-0.0009008311752530807,1.2333632014532743
2024-11-25 15:00:00+00:00,2024-11-25 15:00:00+00:00,Buy,95403.671875,strong_down,slight_up,-506.265625,-0.005667895013214852,1.2263726283142746
2024-11-25 15:02:00+00:00,2024-11-25 15:02:00+00:00,Buy,95727.3671875,moderate_up,strong_down,323.6953125,0.003392902035511902,1.2305335905011783
2024-11-25 15:03:00+00:00,2024-11-25 15:03:00+00:00,Sell,95586.125,moderate_down,moderate_up,-141.2421875,-0.001475462990884857,1.2323491972730034
2024-11-25 15:39:00+00:00,2024-11-25 15:39:00+00:00,Buy,95732.078125,slight_up,moderate_down,145.953125,0.0005247696243386724,1.2329958966983103
2024-11-25 15:45:00+00:00,2024-11-25 15:45:00+00:00,Sell,96153.9453125,slight_down,moderate_up,421.8671875,-0.0006262881211177573,1.2337681073817992
2024-11-25 15:48:00+00:00,2024-11-25 15:48:00+00:00,Buy,96085.0078125,moderate_up,moderate_down,-68.9375,0.0010448440523247449,1.2350572026507451
2024-11-25 15:54:00+00:00,2024-11-25 15:54:00+00:00,Buy,96328.0546875,moderate_up,moderate_down,243.046875,0.001181524980025106,1.236516453587437
2024-11-25 15:57:00+00:00,2024-11-25 15:57:00+00:00,Sell,96463.3828125,slight_down,moderate_up,135.328125,-0.00023133284804988108,1.2368025004603058
2024-11-25 16:05:00+00:00,2024-11-25 16:05:00+00:00,Sell,96107.125,slight_down,moderate_up,-356.2578125,-9.355545940814558e-05,1.2369182100864335
2024-11-25 16:15:00+00:00,2024-11-25 16:15:00+00:00,Sell,96152.8515625,slight_down,moderate_up,45.7265625,-9.425008659191825e-06,1.2369298680512744
2024-11-25 16:20:00+00:00,2024-11-25 16:20:00+00:00,Buy,96295.203125,moderate_up,moderate_down,142.3515625,0.0021589965942589995,1.2396003954237342
2024-11-25 16:24:00+00:00,2024-11-25 16:24:00+00:00,Sell,96379.453125,slight_down,moderate_up,84.25,-0.0008333293512139406,1.2406333908170173
2024-11-25 16:33:00+00:00,2024-11-25 16:33:00+00:00,Sell,96258.78125,slight_down,moderate_up,-120.671875,-0.00091523060656995,1.2417688564678255
2024-11-25 16:38:00+00:00,2024-11-25 16:38:00+00:00,Buy,96054.0,slight_up,moderate_down,-204.78125,0.0001728655999653217,1.2419835155862171
2024-11-25 16:45:00+00:00,2024-11-25 16:45:00+00:00,Buy,95910.75,slight_up,moderate_down,-143.25,0.00031248113196546967,1.24237161200105
2024-11-25 16:56:00+00:00,2024-11-25 16:56:00+00:00,Sell,95968.9609375,slight_down,moderate_up,58.2109375,-0.0008223432031057021,1.2433932678519106
2024-11-25 17:08:00+00:00,2024-11-25 17:08:00+00:00,Buy,95580.9765625,slight_up,moderate_down,-387.984375,0.0004651361713128299,1.2439716150359554
2024-11-25 17:16:00+00:00,2024-11-25 17:16:00+00:00,Buy,95216.0703125,moderate_up,moderate_down,-364.90625,0.0011583304007474204,1.2454125451753184
2024-11-25 17:18:00+00:00,2024-11-25 17:18:00+00:00,Sell,95092.578125,moderate_down,moderate_up,-123.4921875,-0.0012969679077775575,1.2470278052783543
2024-11-25 17:20:00+00:00,2024-11-25 17:20:00+00:00,Buy,95308.390625,moderate_up,moderate_down,215.8125,0.00226949888472161,1.2498579334916504
2024-11-25 17:21:00+00:00,2024-11-25 17:21:00+00:00,Sell,95137.9609375,moderate_down,moderate_up,-170.4296875,-0.0017881918515503248,1.2520929192639156
2024-11-25 17:27:00+00:00,2024-11-25 17:27:00+00:00,Sell,95048.6171875,slight_down,moderate_up,-89.34375,-0.0005056530449514263,1.2527260438611036
2024-11-25 17:36:00+00:00,2024-11-25 17:36:00+00:00,Sell,95421.0234375,moderate_down,moderate_up,372.40625,-0.0014797263994063004,1.2545797356594286
2024-11-25 17:39:00+00:00,2024-11-25 17:39:00+00:00,Buy,95216.734375,slight_up,moderate_down,-204.2890625,1.969230446086101e-05,1.2546044412255537
2024-11-25 17:56:00+00:00,2024-11-25 17:56:00+00:00,Sell,95230.984375,slight_down,moderate_up,14.25,-0.00025835096954607284,1.254928569499341
2024-11-25 18:46:00+00:00,2024-11-25 18:46:00+00:00,Buy,95079.1640625,slight_up,moderate_down,-151.8203125,0.0007483739866813721,1.2558677253958976
2024-11-25 18:53:00+00:00,2024-11-25 18:53:00+00:00,Sell,95057.625,slight_down,moderate_up,-21.5390625,-0.00047226985675408173,1.2564608338666725
2024-11-25 19:03:00+00:00,2024-11-25 19:03:00+00:00,Buy,94984.390625,slight_up,moderate_down,-73.234375,0.00027643759478879204,1.2568081668775328
2024-11-25 19:08:00+00:00,2024-11-25 19:08:00+00:00,Buy,95024.3984375,moderate_up,moderate_down,40.0078125,0.002001016077904705,1.2593230602262968
2024-11-25 19:10:00+00:00,2024-11-25 19:10:00+00:00,Sell,95126.4609375,slight_down,moderate_up,102.0625,-0.0008661871346593575,1.2604138696594447
2024-11-25 19:14:00+00:00,2024-11-25 19:14:00+00:00,Sell,95199.6875,slight_down,moderate_up,73.2265625,-0.00034151719444319717,1.2608443226680481
2024-11-25 19:18:00+00:00,2024-11-25 19:18:00+00:00,Buy,95087.3359375,slight_up,moderate_down,-112.3515625,0.00019081496314732327,1.2610849106310125
2024-11-25 19:25:00+00:00,2024-11-25 19:25:00+00:00,Buy,94600.3359375,moderate_up,moderate_down,-487.0,0.0011835931092143426,1.2625775220413695
2024-11-25 19:39:00+00:00,2024-11-25 19:39:00+00:00,Buy,94706.625,moderate_up,moderate_down,106.2890625,0.0012938200598937577,1.2642110701665576
2024-11-25 20:04:00+00:00,2024-11-25 20:04:00+00:00,Sell,94569.6796875,moderate_down,moderate_up,-136.9453125,-0.002038312257005459,1.26678792708632
2024-11-25 20:14:00+00:00,2024-11-25 20:14:00+00:00,Buy,94886.8125,moderate_up,moderate_down,317.1328125,0.0018393638716072136,1.2691180110323907
2024-11-25 20:22:00+00:00,2024-11-25 20:22:00+00:00,Buy,94781.40625,slight_up,moderate_down,-105.40625,0.0007852340041052397,1.2701145656498758
2024-11-25 20:34:00+00:00,2024-11-25 20:34:00+00:00,Sell,95261.3125,slight_down,moderate_up,479.90625,-0.00026072780115948824,1.2704457198277983
2024-11-25 21:00:00+00:00,2024-11-25 21:00:00+00:00,Sell,94896.3515625,slight_down,moderate_up,-364.9609375,-5.260397063666655e-05,1.2705125503171397
2024-11-25 21:06:00+00:00,2024-11-25 21:06:00+00:00,Sell,94945.4296875,moderate_down,moderate_up,49.078125,-0.002494049075459359,1.2736812709686176
2024-11-25 21:10:00+00:00,2024-11-25 21:10:00+00:00,Buy,94899.09375,moderate_up,moderate_down,-46.3359375,0.0011163272314862471,1.2751031160556339
2024-11-25 21:15:00+00:00,2024-11-25 21:15:00+00:00,Buy,94950.6015625,slight_up,moderate_down,51.5078125,0.0009616207410954036,1.2763292816590683
2024-11-25 21:20:00+00:00,2024-11-25 21:20:00+00:00,Buy,94948.578125,slight_up,moderate_down,-2.0234375,0.0009928044328462171,1.277596427027671
2024-11-25 21:26:00+00:00,2024-11-25 21:26:00+00:00,Sell,94822.8671875,slight_down,moderate_up,-125.7109375,-0.0005103131512730341,1.2782484012864028
2024-11-25 21:36:00+00:00,2024-11-25 21:36:00+00:00,Buy,94648.1640625,slight_up,moderate_down,-174.703125,0.0006946649975985153,1.2791363557090127
2024-11-25 21:40:00+00:00,2024-11-25 21:40:00+00:00,Buy,94320.921875,slight_up,moderate_down,-327.2421875,0.000326452477384942,1.279553932941247
2024-11-25 21:48:00+00:00,2024-11-25 21:48:00+00:00,Buy,94118.28125,moderate_up,moderate_down,-202.640625,0.0031381948152171546,1.283569422459394
2024-11-25 21:50:00+00:00,2024-11-25 21:50:00+00:00,Sell,93931.109375,moderate_down,moderate_up,-187.171875,-0.0019886877715374895,1.2861220412737584
2024-11-25 21:55:00+00:00,2024-11-25 21:55:00+00:00,Sell,93996.2265625,moderate_down,moderate_up,65.1171875,-0.0011003115875188874,1.2875371762587355
2024-11-25 22:03:00+00:00,2024-11-25 22:03:00+00:00,Sell,93779.890625,slight_down,moderate_up,-216.3359375,-0.00030231216337583966,1.2879264144079172
2024-11-25 22:06:00+00:00,2024-11-25 22:06:00+00:00,Buy,93853.34375,moderate_up,moderate_down,73.453125,0.0039535614478452,1.2930183106275819
2024-11-25 22:08:00+00:00,2024-11-25 22:08:00+00:00,Sell,93806.953125,slight_down,moderate_up,-46.390625,-0.0004942884626846222,1.2936574346605652
2024-11-25 22:27:00+00:00,2024-11-25 22:27:00+00:00,Buy,93378.4453125,moderate_up,moderate_down,-428.5078125,0.0015003517103933106,1.2955983758053211
2024-11-25 22:30:00+00:00,2024-11-25 22:30:00+00:00,Sell,93371.125,slight_down,moderate_up,-7.3203125,-7.839402846665511e-05,1.2956999429812752
2024-11-25 22:33:00+00:00,2024-11-25 22:33:00+00:00,Buy,93386.390625,moderate_up,moderate_down,15.265625,0.0017243949721781338,1.2979342414484036
2024-11-25 22:35:00+00:00,2024-11-25 22:35:00+00:00,Sell,93259.921875,moderate_down,moderate_up,-126.46875,-0.0013542524681978696,1.299691972098444
2024-11-25 22:37:00+00:00,2024-11-25 22:37:00+00:00,Buy,93130.28125,slight_up,moderate_down,-129.640625,0.0009813595427790034,1.300967437217936
2024-11-25 22:40:00+00:00,2024-11-25 22:40:00+00:00,Buy,92922.8515625,slight_up,moderate_down,-207.4296875,0.0007510181360868007,1.301944487357745
2024-11-25 22:45:00+00:00,2024-11-25 22:45:00+00:00,Sell,93246.609375,moderate_down,moderate_up,323.7578125,-0.0010054756700080825,1.3032535608634843
2024-11-25 22:48:00+00:00,2024-11-25 22:48:00+00:00,Buy,93714.546875,strong_up,moderate_down,467.9375,0.005018278982328983,1.309793650816611
2024-11-25 22:51:00+00:00,2024-11-25 22:51:00+00:00,Sell,93868.6484375,slight_down,moderate_up,154.1015625,-0.0008464607231081223,1.3109023396974038
2024-11-25 22:55:00+00:00,2024-11-25 22:55:00+00:00,Buy,93947.2265625,moderate_up,moderate_down,78.578125,0.0024672279090527383,1.3141366345359478
2024-11-25 23:06:00+00:00,2024-11-25 23:06:00+00:00,Buy,94155.4609375,slight_up,moderate_down,208.234375,0.00027746063511679964,1.3145012557211964
2024-11-25 23:10:00+00:00,2024-11-25 23:10:00+00:00,Sell,94217.8203125,slight_down,moderate_up,62.359375,-7.46275463536783e-07,1.3145022367012305
2024-11-25 23:26:00+00:00,2024-11-25 23:26:00+00:00,Buy,93881.3984375,moderate_up,moderate_down,-336.421875,0.0017695666874966154,1.3168283360699367
2024-11-25 23:27:00+00:00,2024-11-25 23:27:00+00:00,Sell,93789.9375,slight_down,moderate_up,-91.4609375,-0.0009742178857815587,1.31811121378744
2024-11-25 23:38:00+00:00,2024-11-25 23:38:00+00:00,Sell,93563.125,slight_down,moderate_up,-226.8125,-0.0008420535895818926,1.319221134066478
2024-11-25 23:45:00+00:00,2024-11-25 23:45:00+00:00,Buy,93201.8359375,moderate_up,moderate_down,-361.2890625,0.002558366007271662,1.322596184571948
2024-11-25 23:48:00+00:00,2024-11-25 23:48:00+00:00,Sell,92977.25,moderate_down,moderate_up,-224.5859375,-0.002409672891536263,1.3257832087443606
2024-11-25 23:51:00+00:00,2024-11-25 23:51:00+00:00,Buy,93029.1640625,moderate_up,moderate_down,51.9140625,0.0017305223904577893,1.3280775062719856
2024-11-25 23:52:00+00:00,2024-11-25 23:52:00+00:00,Sell,92994.6171875,slight_down,moderate_up,-34.546875,-0.0003713553201100117,1.3285706949194582
2024-11-25 23:58:00+00:00,2024-11-25 23:58:00+00:00,Sell,93106.5390625,slight_down,moderate_up,111.921875,-0.0007371025088148686,1.329549987711821
2024-11-26 00:06:00+00:00,2024-11-26 00:06:00+00:00,Buy,92886.90625,slight_up,moderate_down,-219.6328125,0.00033284063496163974,1.3299925159739443
2024-11-26 00:15:00+00:00,2024-11-26 00:15:00+00:00,Sell,93383.265625,slight_down,moderate_up,496.359375,-0.0005488467779333206,1.330722478081012
2024-11-26 00:30:00+00:00,2024-11-26 00:30:00+00:00,Sell,94227.859375,slight_down,moderate_up,844.59375,-2.2965742987768323e-05,1.3307530391114317
2024-11-26 00:57:00+00:00,2024-11-26 00:57:00+00:00,Buy,93992.7578125,slight_up,moderate_down,-235.1015625,0.0005451361958956902,1.3314784807608495
2024-11-26 01:01:00+00:00,2024-11-26 01:01:00+00:00,Buy,93890.8203125,slight_up,moderate_down,-101.9375,0.0007146043326071716,1.3324299610519745
2024-11-26 01:09:00+00:00,2024-11-26 01:09:00+00:00,Sell,94097.859375,slight_down,moderate_up,207.0390625,-0.00028801470385619865,1.332813720472616
2024-11-26 01:15:00+00:00,2024-11-26 01:15:00+00:00,Buy,94035.171875,slight_up,moderate_down,-62.6875,0.000992468087003262,1.3341364955561053
2024-11-26 01:19:00+00:00,2024-11-26 01:19:00+00:00,Sell,94159.953125,slight_down,moderate_up,124.78125,-0.00032671408983753203,1.33457237674697
2024-11-26 01:37:00+00:00,2024-11-26 01:37:00+00:00,Sell,94774.9375,slight_down,moderate_up,614.984375,-0.00024558742038605086,1.3349001309342938
2024-11-26 01:44:00+00:00,2024-11-26 01:44:00+00:00,Buy,94507.0390625,slight_up,moderate_down,-267.8984375,0.0005779197436805994,1.3356715960758025
2024-11-26 02:04:00+00:00,2024-11-26 02:04:00+00:00,Sell,94805.40625,moderate_down,moderate_up,298.3671875,-0.0011411680147660475,1.337195821779476
2024-11-26 02:06:00+00:00,2024-11-26 02:06:00+00:00,Buy,94903.703125,moderate_up,moderate_down,98.296875,0.0010368277389243286,1.3385822634998705
2024-11-26 02:08:00+00:00,2024-11-26 02:08:00+00:00,Sell,94865.828125,slight_down,moderate_up,-37.875,-0.00039908874736016564,1.3391164766186492
2024-11-26 02:24:00+00:00,2024-11-26 02:24:00+00:00,Buy,94649.484375,slight_up,moderate_down,-216.34375,0.0009232516402277735,1.3403528181021434
2024-11-26 02:29:00+00:00,2024-11-26 02:29:00+00:00,Sell,94634.7421875,slight_down,moderate_up,-14.7421875,-0.000848514962716318,1.3414901275236222
2024-11-26 02:33:00+00:00,2024-11-26 02:33:00+00:00,Buy,94509.234375,slight_up,moderate_down,-125.5078125,0.0004656970805483329,1.3421148555595943
2024-11-26 02:39:00+00:00,2024-11-26 02:39:00+00:00,Sell,94641.5078125,slight_down,moderate_up,132.2734375,-0.0005721452468466781,1.3428827401949248
2024-11-26 03:14:00+00:00,2024-11-26 03:14:00+00:00,Buy,94453.0390625,moderate_up,moderate_down,-188.46875,0.0013317973491435708,1.3446711878685271
2024-11-26 06:53:00+00:00,2024-11-26 06:53:00+00:00,Buy,94682.5703125,slight_up,moderate_down,229.53125,1.2459549782795065e-05,1.344687941866134
2024-11-26 06:59:00+00:00,2024-11-26 06:59:00+00:00,Buy,94544.609375,slight_up,moderate_down,-137.9609375,0.00014884409461268788,1.3448880907253775
2024-11-26 07:03:00+00:00,2024-11-26 07:03:00+00:00,Buy,94410.8671875,slight_up,moderate_down,-133.7421875,0.0003674622637197533,1.3453822863476452
2024-11-26 07:11:00+00:00,2024-11-26 07:11:00+00:00,Buy,94282.2734375,slight_up,moderate_down,-128.59375,0.00013674243551209386,1.3455662571981752
2024-11-26 07:18:00+00:00,2024-11-26 07:18:00+00:00,Buy,93758.7421875,slight_up,moderate_down,-523.53125,0.00019360275814350736,1.3458267625368336
2024-11-26 08:00:00+00:00,2024-11-26 08:00:00+00:00,Sell,93821.2421875,moderate_down,moderate_up,62.5,-0.0010977917151909766,1.3473042000068287
2024-11-26 08:05:00+00:00,2024-11-26 08:05:00+00:00,Buy,93655.7421875,slight_up,moderate_down,-165.5,0.0003106587233270286,1.347722751809536
2024-11-26 08:18:00+00:00,2024-11-26 08:18:00+00:00,Buy,92872.3125,slight_up,moderate_down,-783.4296875,0.0001147540376762457,1.3478774084369742
2024-11-26 08:21:00+00:00,2024-11-26 08:21:00+00:00,Buy,92765.8515625,slight_up,moderate_down,-106.4609375,0.0007767505480280601,1.3489243729526523
2024-11-26 08:24:00+00:00,2024-11-26 08:24:00+00:00,Buy,92753.03125,moderate_up,moderate_down,-12.8203125,0.001694691883483923,1.351210384138929
2024-11-26 08:27:00+00:00,2024-11-26 08:27:00+00:00,Sell,92706.0703125,moderate_down,moderate_up,-46.9609375,-0.0026912026308079096,1.3548467650794986
2024-11-26 08:57:00+00:00,2024-11-26 08:57:00+00:00,Buy,93016.2109375,slight_up,moderate_down,310.140625,0.0006821338012679146,1.355770951853498
2024-11-26 09:08:00+00:00,2024-11-26 09:08:00+00:00,Sell,93308.0703125,moderate_down,moderate_up,291.859375,-0.0012705471957608072,1.3574935228344693
2024-11-26 09:09:00+00:00,2024-11-26 09:09:00+00:00,Buy,93437.6953125,moderate_up,moderate_down,129.625,0.0013892153118788553,1.3593793736221673
2024-11-26 09:11:00+00:00,2024-11-26 09:11:00+00:00,Sell,93424.3203125,slight_down,moderate_up,-13.375,-0.0001431435134959802,1.3595739599618815
2024-11-26 09:21:00+00:00,2024-11-26 09:21:00+00:00,Buy,93586.5625,slight_up,moderate_down,162.2421875,0.00014218472041083174,1.3597672706052566
2024-11-26 09:29:00+00:00,2024-11-26 09:29:00+00:00,Sell,93678.0390625,slight_down,moderate_up,91.4765625,-0.00033114457220118076,1.3602175501563742
2024-11-26 09:48:00+00:00,2024-11-26 09:48:00+00:00,Buy,93251.140625,slight_up,moderate_down,-426.8984375,0.00044456208539189745,1.3608222513070585
2024-11-26 09:59:00+00:00,2024-11-26 09:59:00+00:00,Sell,93600.0390625,slight_down,moderate_up,348.8984375,-0.0008380554045608335,1.361962695749413
2024-11-26 10:05:00+00:00,2024-11-26 10:05:00+00:00,Sell,93642.4296875,slight_down,moderate_up,42.390625,-0.00048457135156798614,1.3626226638536776
2024-11-26 10:09:00+00:00,2024-11-26 10:09:00+00:00,Buy,93439.890625,slight_up,moderate_down,-202.5390625,0.0003467668549099745,1.3630951762292511
2024-11-26 10:12:00+00:00,2024-11-26 10:12:00+00:00,Buy,93343.1015625,slight_up,moderate_down,-96.7890625,0.0002863243215682765,1.363485463530818
2024-11-26 10:20:00+00:00,2024-11-26 10:20:00+00:00,Buy,92990.609375,slight_up,moderate_down,-352.4921875,4.200869445547539e-05,1.3635427417750499
2024-11-26 10:24:00+00:00,2024-11-26 10:24:00+00:00,Sell,93018.125,slight_down,moderate_up,27.515625,-0.0009667019387152864,1.3648608811870448
2024-11-26 10:54:00+00:00,2024-11-26 10:54:00+00:00,Buy,92422.78125,slight_up,moderate_down,-595.34375,0.0007499206302277184,1.3658844185192378
2024-11-26 10:57:00+00:00,2024-11-26 10:57:00+00:00,Sell,92479.4296875,slight_down,moderate_up,56.6484375,-0.0007977669615587546,1.3669740759816402
2024-11-26 11:02:00+00:00,2024-11-26 11:02:00+00:00,Buy,92320.875,slight_up,moderate_down,-158.5546875,4.36675457722302e-05,1.3670337683846725
2024-11-26 11:05:00+00:00,2024-11-26 11:05:00+00:00,Buy,92303.1171875,moderate_up,moderate_down,-17.7578125,0.0013581919613003812,1.3688904626597187
2024-11-26 11:14:00+00:00,2024-11-26 11:14:00+00:00,Buy,92520.8125,slight_up,moderate_down,217.6953125,0.0005355547435543784,1.3696235784404025
2024-11-26 11:23:00+00:00,2024-11-26 11:23:00+00:00,Sell,92048.6484375,moderate_down,moderate_up,-472.1640625,-0.0021231787532047797,1.3725315341220354
2024-11-26 11:30:00+00:00,2024-11-26 11:30:00+00:00,Buy,91763.3671875,slight_up,moderate_down,-285.28125,0.00011775897267174429,1.3726931620254532
2024-11-26 11:33:00+00:00,2024-11-26 11:33:00+00:00,Buy,91823.4609375,moderate_up,moderate_down,60.09375,0.0025747194520548966,1.376227461811423
2024-11-26 11:35:00+00:00,2024-11-26 11:35:00+00:00,Sell,91699.171875,moderate_down,moderate_up,-124.2890625,-0.0013535654312202272,1.3780902757292268
2024-11-26 11:36:00+00:00,2024-11-26 11:36:00+00:00,Buy,91873.953125,moderate_up,moderate_down,174.78125,0.0019060286633585388,1.3807169552954623
2024-11-26 11:45:00+00:00,2024-11-26 11:45:00+00:00,Buy,91564.5625,slight_up,moderate_down,-309.390625,0.00019269490048046123,1.3809830124117546
2024-11-26 11:51:00+00:00,2024-11-26 11:51:00+00:00,Sell,91912.4296875,slight_down,moderate_up,347.8671875,-1.4449874574662402e-06,1.3809850079148864
2024-11-26 12:06:00+00:00,2024-11-26 12:06:00+00:00,Sell,92205.7109375,slight_down,moderate_up,293.28125,-5.0750110353936506e-05,1.3810550930564351
2024-11-26 12:09:00+00:00,2024-11-26 12:09:00+00:00,Sell,92397.5546875,slight_down,moderate_up,191.84375,-0.00024294658193013685,1.3813906156707505
2024-11-26 12:38:00+00:00,2024-11-26 12:38:00+00:00,Buy,92146.7421875,moderate_up,moderate_down,-250.8125,0.0022019959778629694,1.3844324322503152
2024-11-26 12:39:00+00:00,2024-11-26 12:39:00+00:00,Sell,92111.4140625,slight_down,moderate_up,-35.328125,-0.0003833898427805238,1.384963209582856
2024-11-26 12:42:00+00:00,2024-11-26 12:42:00+00:00,Buy,91967.546875,slight_up,moderate_down,-143.8671875,9.9739420145184e-05,1.385101345010302
2024-11-26 13:00:00+00:00,2024-11-26 13:00:00+00:00,Sell,92143.0,slight_down,moderate_up,175.453125,-0.00044400024645019354,1.3857163303488453
2024-11-26 13:05:00+00:00,2024-11-26 13:05:00+00:00,Buy,92041.8203125,moderate_up,moderate_down,-101.1796875,0.001152467782611133,1.3873133237754105
2024-11-26 13:12:00+00:00,2024-11-26 13:12:00+00:00,Sell,92458.3125,slight_down,moderate_up,416.4921875,-0.0001916037027162032,1.3875791381450735
2024-11-26 13:24:00+00:00,2024-11-26 13:24:00+00:00,Sell,92762.9375,moderate_down,moderate_up,304.625,-0.001260614857389486,1.3893283410224229
2024-11-26 13:53:00+00:00,2024-11-26 13:53:00+00:00,Buy,92416.5703125,moderate_up,moderate_down,-346.3671875,0.0012351532764867112,1.3910443744749525
2024-11-26 13:54:00+00:00,2024-11-26 13:54:00+00:00,Sell,92411.125,slight_down,moderate_up,-5.4453125,-5.8921386950294696e-05,1.3911263367388063
2024-11-26 14:15:00+00:00,2024-11-26 14:15:00+00:00,Sell,91929.71875,slight_down,moderate_up,-481.40625,-0.0004958870593863018,1.3918161782871665
2024-11-26 14:18:00+00:00,2024-11-26 14:18:00+00:00,Sell,92018.046875,slight_down,moderate_up,88.328125,-0.0004948175687986556,1.3925048733847212
2024-11-26 14:27:00+00:00,2024-11-26 14:27:00+00:00,Buy,92269.9921875,slight_up,moderate_down,251.9453125,0.0003468438983933453,1.3929878552035377
2024-11-26 14:33:00+00:00,2024-11-26 14:33:00+00:00,Buy,91977.0078125,moderate_up,moderate_down,-292.984375,0.0012935190181060374,1.3947897114862342
2024-11-26 14:41:00+00:00,2024-11-26 14:41:00+00:00,Sell,92839.2734375,slight_down,moderate_up,862.265625,-2.389825871729201e-05,1.3948230445316154
2024-11-26 14:44:00+00:00,2024-11-26 14:44:00+00:00,Sell,93033.609375,slight_down,moderate_up,194.3359375,-0.00016767001399375925,1.395056914531011
2024-11-26 14:46:00+00:00,2024-11-26 14:46:00+00:00,Buy,93260.8125,moderate_up,moderate_down,227.203125,0.003844119131785506,1.4004196795060893
2024-11-26 14:47:00+00:00,2024-11-26 14:47:00+00:00,Sell,93191.921875,slight_down,moderate_up,-68.890625,-0.0007386878063065927,1.4014541524470523
2024-11-26 14:51:00+00:00,2024-11-26 14:51:00+00:00,Sell,93322.75,slight_down,moderate_up,130.828125,-0.0009954659174398195,1.402849252290668
2024-11-26 14:56:00+00:00,2024-11-26 14:56:00+00:00,Sell,93242.1875,moderate_down,moderate_up,-80.5625,-0.0022660723566508834,1.4060282102018322
2024-11-26 14:57:00+00:00,2024-11-26 14:57:00+00:00,Buy,93297.921875,slight_up,moderate_down,55.734375,0.0005977377461248157,1.4068686463351863
2024-11-26 15:00:00+00:00,2024-11-26 15:00:00+00:00,Sell,93321.2265625,slight_down,moderate_up,23.3046875,-0.0008194956484003368,1.408021569068729
2024-11-26 15:03:00+00:00,2024-11-26 15:03:00+00:00,Buy,93346.34375,moderate_up,moderate_down,25.1171875,0.0012741840424559392,1.4098156476834702
2024-11-26 15:06:00+00:00,2024-11-26 15:06:00+00:00,Sell,93404.1015625,slight_down,moderate_up,57.7578125,-0.0008133412706259335,1.4109623089337053
2024-11-26 15:09:00+00:00,2024-11-26 15:09:00+00:00,Sell,93437.2734375,slight_down,moderate_up,33.171875,-0.0006754648102803573,1.411915364322022
2024-11-26 15:14:00+00:00,2024-11-26 15:14:00+00:00,Buy,93183.9609375,slight_up,moderate_down,-253.3125,0.0004566308477622627,1.4125600884318008
2024-11-26 15:24:00+00:00,2024-11-26 15:24:00+00:00,Buy,92483.78125,slight_up,moderate_down,-700.1796875,0.000781913443390847,1.413664588154543
2024-11-26 15:35:00+00:00,2024-11-26 15:35:00+00:00,Buy,92941.5625,slight_up,moderate_down,457.78125,0.0006022191270178556,1.4145159240087175
2024-11-26 15:47:00+00:00,2024-11-26 15:47:00+00:00,Sell,93256.203125,slight_down,moderate_up,314.640625,-0.000989570509325799,1.4159156872520882
2024-11-26 15:54:00+00:00,2024-11-26 15:54:00+00:00,Buy,93297.4921875,moderate_up,moderate_down,41.2890625,0.001741670131049311,1.4183817453126593
2024-11-26 15:56:00+00:00,2024-11-26 15:56:00+00:00,Sell,93150.9453125,moderate_down,moderate_up,-146.546875,-0.0015707482759074187,1.4206096659936878
2024-11-26 15:57:00+00:00,2024-11-26 15:57:00+00:00,Buy,93216.046875,slight_up,moderate_down,65.1015625,0.000698882467393025,1.4216025051822598
2024-11-26 16:03:00+00:00,2024-11-26 16:03:00+00:00,Buy,93032.078125,moderate_up,moderate_down,-183.96875,0.002870383525448883,1.4256830495928718
2024-11-26 16:05:00+00:00,2024-11-26 16:05:00+00:00,Sell,93009.0390625,slight_down,moderate_up,-23.0390625,-0.000247646435125759,1.4260361149177228
2024-11-26 16:14:00+00:00,2024-11-26 16:14:00+00:00,Buy,93164.46875,slight_up,moderate_down,155.4296875,0.00036373654065746663,1.4265548163610156
2024-11-26 16:39:00+00:00,2024-11-26 16:39:00+00:00,Buy,94436.8359375,moderate_up,moderate_down,1272.3671875,0.0014682449568121925,1.4286493482757538
2024-11-26 16:57:00+00:00,2024-11-26 16:57:00+00:00,Sell,94204.6484375,slight_down,moderate_up,-232.1875,-0.0007552636631745768,1.4297283552159248
2024-11-26 17:05:00+00:00,2024-11-26 17:05:00+00:00,Buy,93853.4375,slight_up,moderate_down,-351.2109375,0.00016351301893324788,1.4299621344155407
2024-11-26 17:14:00+00:00,2024-11-26 17:14:00+00:00,Buy,93603.625,slight_up,moderate_down,-249.8125,1.302049860507637e-05,1.429980753235517
2024-11-26 17:18:00+00:00,2024-11-26 17:18:00+00:00,Sell,93636.40625,slight_down,moderate_up,32.78125,-3.862864795645127e-05,1.4300359914586183
2024-11-26 17:23:00+00:00,2024-11-26 17:23:00+00:00,Sell,93752.6953125,slight_down,moderate_up,116.2890625,-0.0008385221627627004,1.4312351083310046
2024-11-26 17:38:00+00:00,2024-11-26 17:38:00+00:00,Sell,93828.65625,moderate_down,moderate_up,75.9609375,-0.0015911271964039742,1.4335123854363183
2024-11-26 17:39:00+00:00,2024-11-26 17:39:00+00:00,Buy,93856.6796875,slight_up,moderate_down,28.0234375,0.00029866608582063137,1.433940526969452
2024-11-26 17:43:00+00:00,2024-11-26 17:43:00+00:00,Buy,93687.203125,slight_up,moderate_down,-169.4765625,0.00025056389387634326,1.4342998206914765
2024-11-26 18:06:00+00:00,2024-11-26 18:06:00+00:00,Buy,93335.578125,slight_up,moderate_down,-351.625,0.000233000682927198,1.43463401352922
2024-11-26 18:21:00+00:00,2024-11-26 18:21:00+00:00,Buy,92607.6875,slight_up,moderate_down,-727.890625,0.00017702122719076563,1.4348879742028644
2024-11-26 18:26:00+00:00,2024-11-26 18:26:00+00:00,Sell,92718.25,moderate_down,moderate_up,110.5625,-0.001626361782508634,1.4372216211662894
2024-11-26 18:41:00+00:00,2024-11-26 18:41:00+00:00,Sell,92177.078125,slight_down,moderate_up,-541.171875,-0.000765432466803051,1.4383217172571214
2024-11-26 18:45:00+00:00,2024-11-26 18:45:00+00:00,Sell,92342.7578125,slight_down,moderate_up,165.6796875,-0.00013492402128056913,1.4385157814071088
2024-11-26 18:54:00+00:00,2024-11-26 18:54:00+00:00,Buy,92626.109375,slight_up,moderate_down,283.3515625,0.0005536904638232532,1.4393122738773332
2024-11-26 19:00:00+00:00,2024-11-26 19:00:00+00:00,Buy,92183.015625,strong_down,slight_up,-443.09375,-0.00501127680634228,1.432099481662168
2024-11-26 19:02:00+00:00,2024-11-26 19:02:00+00:00,Buy,92366.2109375,moderate_up,strong_down,183.1953125,0.001987300060189323,1.4349454930482723
2024-11-26 19:05:00+00:00,2024-11-26 19:05:00+00:00,Sell,92458.484375,slight_down,moderate_up,92.2734375,-0.000129771138121626,1.4351317075580476
2024-11-26 19:08:00+00:00,2024-11-26 19:08:00+00:00,Sell,92411.1953125,moderate_down,moderate_up,-47.2890625,-0.001953966282395636,1.4379359065254131
2024-11-26 19:12:00+00:00,2024-11-26 19:12:00+00:00,Sell,92420.0234375,moderate_down,moderate_up,8.828125,-0.0010854863341872578,1.4394967663013838
2024-11-26 19:14:00+00:00,2024-11-26 19:14:00+00:00,Buy,92425.3671875,slight_up,moderate_down,5.34375,5.7820262333141415e-05,1.439579998382039
2024-11-26 19:36:00+00:00,2024-11-26 19:36:00+00:00,Sell,91796.7421875,moderate_down,moderate_up,-628.625,-0.0014574493209178474,1.4416781132730878
2024-11-26 19:38:00+00:00,2024-11-26 19:38:00+00:00,Buy,91969.6484375,moderate_up,moderate_down,172.90625,0.0018835771932605994,1.444393625287272
2024-11-26 19:41:00+00:00,2024-11-26 19:41:00+00:00,Sell,92104.6328125,slight_down,moderate_up,134.984375,-0.0005885725872847303,1.4452437557803648
2024-11-26 19:51:00+00:00,2024-11-26 19:51:00+00:00,Sell,91829.421875,slight_down,moderate_up,-275.2109375,-0.0005951790834344273,1.4461039346342695
2024-11-26 19:59:00+00:00,2024-11-26 19:59:00+00:00,Sell,91660.5625,moderate_down,moderate_up,-168.859375,-0.0012281455512944683,1.4478799607482997
2024-11-26 20:00:00+00:00,2024-11-26 20:00:00+00:00,Buy,91684.90625,slight_up,moderate_down,24.34375,0.0002655858674225353,1.4482644972035987
2024-11-26 20:30:00+00:00,2024-11-26 20:30:00+00:00,Sell,91268.4140625,slight_down,moderate_up,-416.4921875,-0.0007033013506003716,1.4492830635805085
2024-11-26 20:39:00+00:00,2024-11-26 20:39:00+00:00,Buy,90803.15625,slight_up,moderate_down,-465.2578125,5.5927670550515174e-05,1.449364118606223
2024-11-26 20:48:00+00:00,2024-11-26 20:48:00+00:00,Sell,91653.1640625,slight_down,moderate_up,850.0078125,-0.0001702801773675322,1.4496109165854094
2024-11-26 20:51:00+00:00,2024-11-26 20:51:00+00:00,Buy,91565.71875,moderate_up,moderate_down,-87.4453125,0.001639314841260342,1.4519872852750209
2024-11-26 20:53:00+00:00,2024-11-26 20:53:00+00:00,Sell,91504.296875,slight_down,moderate_up,-61.421875,-0.0006707955317611924,1.4529612718581575
2024-11-26 21:02:00+00:00,2024-11-26 21:02:00+00:00,Buy,91128.0390625,moderate_up,moderate_down,-376.2578125,0.0010214128537537892,1.45444534517724
2024-11-26 21:18:00+00:00,2024-11-26 21:18:00+00:00,Sell,91192.7265625,slight_down,moderate_up,64.6875,-0.0002852004355259341,1.454860153623133
2024-11-26 21:30:00+00:00,2024-11-26 21:30:00+00:00,Buy,91602.7109375,slight_up,moderate_down,409.984375,0.00024628356647959926,1.4552184617704962
2024-11-26 21:33:00+00:00,2024-11-26 21:33:00+00:00,Buy,91511.3125,slight_up,moderate_down,-91.3984375,8.281148579980524e-06,1.4552305126507945
2024-11-26 21:41:00+00:00,2024-11-26 21:41:00+00:00,Sell,91722.765625,moderate_down,moderate_up,211.453125,-0.0014676252384593358,1.457366245678937
2024-11-26 21:48:00+00:00,2024-11-26 21:48:00+00:00,Buy,91654.1640625,slight_up,moderate_down,-68.6015625,0.0007792641187558402,1.4585019189020805
2024-11-26 21:57:00+00:00,2024-11-26 21:57:00+00:00,Buy,91714.21875,slight_up,moderate_down,60.0546875,9.941854209483125e-05,1.4586469210365003
2024-11-26 22:15:00+00:00,2024-11-26 22:15:00+00:00,Buy,92124.4140625,moderate_up,moderate_down,410.1953125,0.0010054260238108181,1.4601134826104618
2024-11-26 22:17:00+00:00,2024-11-26 22:17:00+00:00,Sell,92113.953125,slight_down,moderate_up,-10.4609375,-0.00011355228260012673,1.4602792818292674
2024-11-26 22:30:00+00:00,2024-11-26 22:30:00+00:00,Sell,92284.015625,slight_down,moderate_up,170.0625,-0.00029714286681503665,1.4607131934014208
2024-11-26 22:36:00+00:00,2024-11-26 22:36:00+00:00,Buy,92107.234375,slight_up,moderate_down,-176.78125,0.0004212219135184547,1.461328477807847
2024-11-26 22:48:00+00:00,2024-11-26 22:48:00+00:00,Sell,92099.8046875,slight_down,moderate_up,-7.4296875,-0.00016419705308701182,1.4615684236374953
2024-11-26 22:57:00+00:00,2024-11-26 22:57:00+00:00,Buy,91854.7578125,slight_up,moderate_down,-245.046875,0.0005369710526650362,1.462353243572478
2024-11-26 23:09:00+00:00,2024-11-26 23:09:00+00:00,Sell,91754.421875,slight_down,moderate_up,-100.3359375,-0.00030055931611727704,1.462792767463288
2024-11-26 23:20:00+00:00,2024-11-26 23:20:00+00:00,Buy,91860.9453125,slight_up,moderate_down,106.5234375,0.00031341143153729156,1.463251223438581
2024-11-26 23:23:00+00:00,2024-11-26 23:23:00+00:00,Buy,91799.9921875,slight_up,moderate_down,-60.953125,0.0004325979083750209,1.4638842228572677
2024-11-27 00:12:00+00:00,2024-11-27 00:12:00+00:00,Sell,92285.6171875,slight_down,moderate_up,485.625,-0.0006979217750663347,1.4649058995325757
2024-11-27 00:27:00+00:00,2024-11-27 00:27:00+00:00,Buy,92167.203125,slight_up,moderate_down,-118.4140625,4.221446576146981e-05,1.4649677397525152
